country_code,country_name
IL,Israel
ES,Spain
IT,Italy
GR,Greece
CY,Cyprus
TR,Turkiye
CZ,Czechia
HU,Hungary
DE,Germany
NL,Netherlands
PT,Portugal
AT,Austria
PL,Poland
BG,Bulgaria
RO,Romania
CH,Switzerland
DK,Denmark
GE,Georgia
AE,United Arab Emirates
TH,Thailand
GB,United Kingdom
FR,France
US,United States
JP,Japan
KR,South Korea
AU,Australia
BR,Brazil
LK,Sri Lanka
RU,Russia
IN,India
AL,Albania
AM,Armenia
AZ,Azerbaijan
BE,Belgium
CA,Canada
EE,Estonia
HK,Hong Kong
IE,Ireland
IS,Iceland
KZ,Kazakhstan
LT,Lithuania
LU,Luxembourg
LV,Latvia
MA,Morocco
MD,Moldova
ME,Montenegro
NO,Norway
RS,Serbia
SC,Seychelles
SE,Sweden
SG,Singapore
SK,Slovakia
TZ,Tanzania
UZ,Uzbekistan
VN,Vietnam
ZA,South Africa
